id,level,message,created_at
538,INFO,监控刷新完成：88 在线 / 0 异常,2026-09-08 20:17:52
537,INFO,本轮随机选中 UID=6682498811 转发：已转发（normal）：纯转发,2026-09-08 20:17:42
536,INFO,本轮随机选中 UID=7710206006 转发：已转发（normal）：纯转发,2026-09-08 20:09:36
535,INFO,调度器已启动,2026-09-08 20:07:47
534,INFO,监控刷新完成：88 在线 / 0 异常,2026-09-08 19:47:07
533,INFO,监控刷新完成：87 在线 / 0 异常,2026-09-08 19:47:04
532,INFO,已添加监控 UID=7559303037 昵称=疾走可可,2026-09-08 19:45:46
531,INFO,本轮随机选中 UID=1982883477 转发：已转发（normal）：纯转发,2026-09-08 19:45:12
530,INFO,配置已更新：['interval_minutes'],2026-09-08 19:44:09
529,INFO,调度器已启动,2026-09-08 19:43:47
528,INFO,本轮随机选中 UID=6682498811 转发：已转发（normal）：纯转发,2026-09-08 19:07:33
527,INFO,本轮随机选中 UID=2313817900 转发：已转发（normal）：纯转发,2026-09-08 10:10:09
526,INFO,配置已更新：['ai_enabled'],2026-09-08 10:07:35
525,INFO,配置已更新：['ai_enabled'],2026-09-08 10:07:34
524,INFO,手动立即转发成功：UID=7504708803 persona=幽默,2026-09-08 10:06:56
523,INFO,调度器已启动,2026-09-08 10:06:45
522,INFO,本地大模型已加载（llama.cpp）,2026-09-08 10:06:04
521,INFO,AI 引擎路线已切换为：model,2026-09-08 10:05:59
520,INFO,本地大模型已加载（llama.cpp）,2026-09-08 10:05:22
519,INFO,AI 引擎路线已切换为：model,2026-09-08 10:05:17
518,INFO,配置已更新：['ai_enabled'],2026-09-08 10:05:14
517,INFO,手动立即转发成功：UID=6475305895 persona=幽默,2026-09-08 10:04:46
516,INFO,本轮随机选中 UID=6682498811 转发：已转发（normal）：纯转发,2026-09-08 10:04:24
515,INFO,调度器已启动,2026-09-08 10:02:56
514,INFO,本轮随机选中 UID=6655450792 转发：已转发（normal）：纯转发,2026-09-08 09:46:39
513,INFO,监控刷新完成：87 在线 / 0 异常,2026-09-08 09:45:28
512,INFO,本轮随机选中 UID=1842707505 转发：已转发（normal）：纯转发,2026-09-08 09:44:55
511,INFO,本轮随机选中 UID=7399336715 转发：已排程转发（预计 09:55:42 执行）：纯转发,2026-09-08 09:43:04
510,INFO,调度器已启动,2026-09-08 09:41:41
509,WARN,模型下载源失败 https://hf-mirror.com/Qwen/Qwen2.5-1.5B-Instruct-GGUF/resolve/main/Qwen2.5-1.5B-Instruct-Q4_K_M.gguf：<urlopen error [SSL: CERTIFICATE_VERIFY_FAILED] certificate verify failed: unable to get local issuer certificate (_ssl.c:1032)>,2026-09-08 09:34:10
508,INFO,尝试下载模型：https://hf-mirror.com/Qwen/Qwen2.5-1.5B-Instruct-GGUF/resolve/main/Qwen2.5-1.5B-Instruct-Q4_K_M.gguf,2026-09-08 09:34:10
507,WARN,模型下载源失败 https://modelscope.cn/models/Qwen/Qwen2.5-1.5B-Instruct-GGUF/resolve/master/Qwen2.5-1.5B-Instruct-Q4_K_M.gguf：HTTP Error 404: Not Found,2026-09-08 09:34:10
506,INFO,尝试下载模型：https://modelscope.cn/models/Qwen/Qwen2.5-1.5B-Instruct-GGUF/resolve/master/Qwen2.5-1.5B-Instruct-Q4_K_M.gguf,2026-09-08 09:34:09
505,WARN,模型下载源失败 https://huggingface.co/Qwen/Qwen2.5-1.5B-Instruct-GGUF/resolve/main/Qwen2.5-1.5B-Instruct-Q4_K_M.gguf：<urlopen error [WinError 10060] 由于连接方在一段时间后没有正确答复或连接的主机没有反应，连接尝试失败。>,2026-09-08 09:34:09
504,INFO,尝试下载模型：https://huggingface.co/Qwen/Qwen2.5-1.5B-Instruct-GGUF/resolve/main/Qwen2.5-1.5B-Instruct-Q4_K_M.gguf,2026-09-08 09:33:48
503,INFO,配置已更新：['ai_enabled'],2026-09-08 09:28:53
502,INFO,手动立即转发成功：UID=2921473410 persona=幽默,2026-09-08 09:28:26
501,INFO,配置已更新：['ai_enabled'],2026-09-08 09:28:23
500,INFO,手动立即转发成功：UID=1726628765 persona=幽默,2026-09-08 09:27:22
499,INFO,本轮随机选中 UID=7990705660 转发：已排程转发（预计 09:41:44 执行）：纯转发,2026-09-08 09:25:50
498,INFO,本轮随机选中 UID=5586261196 转发：已排程转发（预计 02:12:01 执行）：纯转发,2026-09-08 01:53:48
497,WARN,模型下载源失败 https://hf-mirror.com/Qwen/Qwen2.5-1.5B-Instruct-GGUF/resolve/main/Qwen2.5-1.5B-Instruct-Q4_K_M.gguf：<urlopen error [SSL: CERTIFICATE_VERIFY_FAILED] certificate verify failed: unable to get local issuer certificate (_ssl.c:1032)>,2026-09-08 01:53:19
496,INFO,尝试下载模型：https://hf-mirror.com/Qwen/Qwen2.5-1.5B-Instruct-GGUF/resolve/main/Qwen2.5-1.5B-Instruct-Q4_K_M.gguf,2026-09-08 01:53:02
495,WARN,模型下载源失败 https://modelscope.cn/models/Qwen/Qwen2.5-1.5B-Instruct-GGUF/resolve/master/Qwen2.5-1.5B-Instruct-Q4_K_M.gguf：HTTP Error 404: Not Found,2026-09-08 01:53:02
494,INFO,尝试下载模型：https://modelscope.cn/models/Qwen/Qwen2.5-1.5B-Instruct-GGUF/resolve/master/Qwen2.5-1.5B-Instruct-Q4_K_M.gguf,2026-09-08 01:53:02
493,WARN,模型下载源失败 https://huggingface.co/Qwen/Qwen2.5-1.5B-Instruct-GGUF/resolve/main/Qwen2.5-1.5B-Instruct-Q4_K_M.gguf：<urlopen error [WinError 10060] 由于连接方在一段时间后没有正确答复或连接的主机没有反应，连接尝试失败。>,2026-09-08 01:53:02
492,INFO,尝试下载模型：https://huggingface.co/Qwen/Qwen2.5-1.5B-Instruct-GGUF/resolve/main/Qwen2.5-1.5B-Instruct-Q4_K_M.gguf,2026-09-08 01:52:41
491,INFO,调度器已启动,2026-09-08 01:52:28
490,INFO,配置已更新：['ai_enabled'],2026-09-08 01:51:39
489,INFO,本轮随机选中 UID=6850282182 转发：已排程转发（预计 02:17:52 执行）：看完一岁我悟了，原来健康还能这么玩，服了,2026-09-08 01:51:28
488,WARN,模型下载源失败 https://hf-mirror.com/Qwen/Qwen2.5-1.5B-Instruct-GGUF/resolve/main/Qwen2.5-1.5B-Instruct-Q4_K_M.gguf：<urlopen error [SSL: CERTIFICATE_VERIFY_FAILED] certificate verify failed: unable to get local issuer certificate (_ssl.c:1032)>,2026-09-08 01:50:19
487,INFO,尝试下载模型：https://hf-mirror.com/Qwen/Qwen2.5-1.5B-Instruct-GGUF/resolve/main/Qwen2.5-1.5B-Instruct-Q4_K_M.gguf,2026-09-08 01:50:17
486,WARN,模型下载源失败 https://modelscope.cn/models/Qwen/Qwen2.5-1.5B-Instruct-GGUF/resolve/master/Qwen2.5-1.5B-Instruct-Q4_K_M.gguf：HTTP Error 404: Not Found,2026-09-08 01:50:17
485,INFO,尝试下载模型：https://modelscope.cn/models/Qwen/Qwen2.5-1.5B-Instruct-GGUF/resolve/master/Qwen2.5-1.5B-Instruct-Q4_K_M.gguf,2026-09-08 01:50:13
484,WARN,模型下载源失败 https://huggingface.co/Qwen/Qwen2.5-1.5B-Instruct-GGUF/resolve/main/Qwen2.5-1.5B-Instruct-Q4_K_M.gguf：<urlopen error [WinError 10060] 由于连接方在一段时间后没有正确答复或连接的主机没有反应，连接尝试失败。>,2026-09-08 01:50:13
483,INFO,AI 引擎路线已切换为：rule,2026-09-08 01:49:56
482,INFO,尝试下载模型：https://huggingface.co/Qwen/Qwen2.5-1.5B-Instruct-GGUF/resolve/main/Qwen2.5-1.5B-Instruct-Q4_K_M.gguf,2026-09-08 01:49:52
481,INFO,配置已更新：['ai_enabled'],2026-09-08 01:49:52
480,INFO,本轮随机选中 UID=5514656753 转发：已排程转发（预计 02:18:06 执行）：纯转发,2026-09-08 01:49:44
479,WARN,模型下载源失败 https://hf-mirror.com/Qwen/Qwen2.5-1.5B-Instruct-GGUF/resolve/main/Qwen2.5-1.5B-Instruct-Q4_K_M.gguf：<urlopen error [SSL: CERTIFICATE_VERIFY_FAILED] certificate verify failed: unable to get local issuer certificate (_ssl.c:1032)>,2026-09-08 01:49:41
478,INFO,监控刷新完成：87 在线 / 0 异常,2026-09-08 01:49:41
477,INFO,尝试下载模型：https://hf-mirror.com/Qwen/Qwen2.5-1.5B-Instruct-GGUF/resolve/main/Qwen2.5-1.5B-Instruct-Q4_K_M.gguf,2026-09-08 01:49:07
476,WARN,模型下载源失败 https://modelscope.cn/models/Qwen/Qwen2.5-1.5B-Instruct-GGUF/resolve/master/Qwen2.5-1.5B-Instruct-Q4_K_M.gguf：HTTP Error 404: Not Found,2026-09-08 01:49:07
475,INFO,尝试下载模型：https://modelscope.cn/models/Qwen/Qwen2.5-1.5B-Instruct-GGUF/resolve/master/Qwen2.5-1.5B-Instruct-Q4_K_M.gguf,2026-09-08 01:49:06
474,WARN,模型下载源失败 https://huggingface.co/Qwen/Qwen2.5-1.5B-Instruct-GGUF/resolve/main/Qwen2.5-1.5B-Instruct-Q4_K_M.gguf：<urlopen error [WinError 10060] 由于连接方在一段时间后没有正确答复或连接的主机没有反应，连接尝试失败。>,2026-09-08 01:49:06
473,INFO,尝试下载模型：https://huggingface.co/Qwen/Qwen2.5-1.5B-Instruct-GGUF/resolve/main/Qwen2.5-1.5B-Instruct-Q4_K_M.gguf,2026-09-08 01:48:45
472,WARN,模型下载源失败 https://hf-mirror.com/Qwen/Qwen2.5-1.5B-Instruct-GGUF/resolve/main/Qwen2.5-1.5B-Instruct-Q4_K_M.gguf：<urlopen error _ssl.c:1015: The handshake operation timed out>,2026-09-08 01:48:35
471,INFO,调度器已启动,2026-09-08 01:48:26
470,INFO,配置已更新：['ai_enabled'],2026-09-08 01:48:22
469,INFO,尝试下载模型：https://hf-mirror.com/Qwen/Qwen2.5-1.5B-Instruct-GGUF/resolve/main/Qwen2.5-1.5B-Instruct-Q4_K_M.gguf,2026-09-08 01:47:58
468,WARN,模型下载源失败 https://modelscope.cn/models/Qwen/Qwen2.5-1.5B-Instruct-GGUF/resolve/master/Qwen2.5-1.5B-Instruct-Q4_K_M.gguf：HTTP Error 404: Not Found,2026-09-08 01:47:58
467,INFO,尝试下载模型：https://modelscope.cn/models/Qwen/Qwen2.5-1.5B-Instruct-GGUF/resolve/master/Qwen2.5-1.5B-Instruct-Q4_K_M.gguf,2026-09-08 01:47:57
466,WARN,模型下载源失败 https://huggingface.co/Qwen/Qwen2.5-1.5B-Instruct-GGUF/resolve/main/Qwen2.5-1.5B-Instruct-Q4_K_M.gguf：<urlopen error [WinError 10060] 由于连接方在一段时间后没有正确答复或连接的主机没有反应，连接尝试失败。>,2026-09-08 01:47:57
465,INFO,尝试下载模型：https://huggingface.co/Qwen/Qwen2.5-1.5B-Instruct-GGUF/resolve/main/Qwen2.5-1.5B-Instruct-Q4_K_M.gguf,2026-09-08 01:47:36
464,INFO,AI 引擎路线已切换为：model,2026-09-08 01:47:36
463,INFO,配置已更新：['ai_enabled'],2026-09-08 01:47:33
462,INFO,已删除自定义人格：表情包夸夸宅,2026-09-08 01:46:46
461,INFO,已删除自定义人格：表情包夸夸宅,2026-09-08 01:46:31
460,WARN,当前不在工作时间，跳过本轮轮询,2026-09-08 01:41:45
459,WARN,当前不在工作时间，跳过本轮轮询,2026-09-08 01:26:45
458,WARN,当前不在工作时间，跳过本轮轮询,2026-09-08 01:11:45
457,WARN,当前不在工作时间，跳过本轮轮询,2026-09-08 00:56:44
456,WARN,当前不在工作时间，跳过本轮轮询,2026-09-08 00:41:44
455,WARN,当前不在工作时间，跳过本轮轮询,2026-09-08 00:26:44
454,INFO,已删除自定义人格：元气日常系宅友,2026-09-08 00:13:40
453,INFO,本轮随机选中 UID=5839569478 转发：已转发（normal）：纯转发,2026-09-08 00:13:10
452,INFO,调度器已启动,2026-09-08 00:11:44
451,WARN,当前不在工作时间，跳过本轮轮询,2026-09-08 00:11:44
450,WARN,当前不在工作时间，跳过本轮轮询,2026-09-08 00:10:12
449,WARN,当前不在工作时间，跳过本轮轮询,2026-09-08 00:02:39
448,INFO,本轮随机选中 UID=7814334771 转发：已转发（normal）：纯转发,2026-09-07 23:55:12
447,INFO,本轮随机选中 UID=5654934057 转发：已转发（normal）：纯转发,2026-09-07 23:47:39
446,INFO,本轮随机选中 UID=1842707505 转发：已转发（normal）：纯转发,2026-09-07 23:38:45
445,INFO,本轮随机选中 UID=3905384115 转发：已转发（normal）：纯转发,2026-09-07 23:31:11
444,INFO,本轮随机选中 UID=6299489712 转发：已转发（normal）：纯转发,2026-09-07 23:22:18
443,INFO,本轮随机选中 UID=5576135998 转发：已转发（normal）：纯转发,2026-09-07 23:14:44
442,INFO,本轮随机选中 UID=2417091607 转发：已转发（normal）：纯转发,2026-09-07 23:05:53
441,INFO,本轮随机选中 UID=5080828464 转发：已转发（normal）：纯转发,2026-09-07 22:58:16
440,INFO,本轮随机选中 UID=5576135998 转发：已转发（normal）：纯转发,2026-09-07 22:49:25
439,INFO,本轮随机选中 UID=2360472482 转发：已转发（normal）：纯转发,2026-09-07 22:41:46
438,INFO,本轮随机选中 UID=5621571415 转发：已转发（normal）：纯转发,2026-09-07 22:32:57
437,INFO,本轮随机选中 UID=3002020805 转发：已转发（normal）：纯转发,2026-09-07 22:25:18
436,INFO,本轮随机选中 UID=3002020805 转发：已转发（normal）：纯转发,2026-09-07 22:16:27
435,INFO,本轮随机选中 UID=2921473410 转发：已转发（normal）：纯转发,2026-09-07 22:08:50
434,INFO,本轮随机选中 UID=5764605043 转发：已转发（normal）：纯转发,2026-09-07 21:59:57
433,INFO,本轮随机选中 UID=7504708803 转发：已转发（normal）：纯转发,2026-09-07 21:52:20
432,INFO,本轮随机选中 UID=3020082811 转发：已转发（normal）：纯转发,2026-09-07 21:43:28
431,INFO,本轮随机选中 UID=2141792331 转发：已转发（normal）：纯转发,2026-09-07 21:35:51
430,INFO,本轮随机选中 UID=5675638543 转发：已转发（normal）：纯转发,2026-09-07 21:27:00
429,INFO,本轮随机选中 UID=3002020805 转发：已转发（normal）：纯转发,2026-09-07 21:19:20
428,INFO,本轮随机选中 UID=6475305895 转发：已转发（normal）：纯转发,2026-09-07 21:10:31
427,INFO,本轮随机选中 UID=7990705660 转发：已转发（normal）：纯转发,2026-09-07 21:02:54
426,INFO,本轮随机选中 UID=5428530579 转发：已转发（normal）：纯转发,2026-09-07 20:54:04
425,INFO,本轮随机选中 UID=6850282182 转发：已转发（normal）：纯转发,2026-09-07 20:46:24
424,INFO,本轮随机选中 UID=6682498811 转发：已转发（normal）：纯转发,2026-09-07 20:37:33
423,INFO,本轮随机选中 UID=4067412545 转发：已转发（normal）：纯转发,2026-09-07 20:29:56
422,INFO,本轮随机选中 UID=3226642213 转发：已转发（normal）：纯转发,2026-09-07 20:21:06
421,INFO,本轮随机选中 UID=2921473410 转发：已转发（normal）：纯转发,2026-09-07 20:13:27
420,INFO,本轮随机选中 UID=5576135998 转发：已转发（normal）：纯转发,2026-09-07 20:04:37
419,INFO,本轮随机选中 UID=6850282182 转发：已转发（normal）：纯转发,2026-09-07 19:57:00
418,INFO,本轮随机选中 UID=7533347976 转发：已转发（normal）：纯转发,2026-09-07 19:48:11
417,INFO,本轮随机选中 UID=3226642213 转发：已转发（normal）：纯转发,2026-09-07 19:40:31
416,INFO,本轮随机选中 UID=6601835349 转发：已转发（normal）：纯转发,2026-09-07 19:31:45
415,INFO,本轮随机选中 UID=7283423031 转发：已转发（normal）：纯转发,2026-09-07 19:15:18
414,INFO,本轮随机选中 UID=3325037114 转发：已转发（normal）：纯转发,2026-09-07 19:07:37
413,INFO,本轮随机选中 UID=5514656753 转发：已转发（normal）：纯转发,2026-09-07 18:58:50
412,INFO,本轮随机选中 UID=5080828464 转发：已转发（normal）：纯转发,2026-09-07 18:51:10
411,INFO,本轮随机选中 UID=5102198557 转发：已转发（normal）：纯转发,2026-09-07 18:42:25
410,INFO,本轮随机选中 UID=2921473410 转发：已转发（normal）：纯转发,2026-09-07 18:34:42
409,INFO,本轮随机选中 UID=6299489712 转发：已转发（normal）：纯转发,2026-09-07 18:25:59
408,INFO,本轮随机选中 UID=1726628765 转发：已转发（normal）：纯转发,2026-09-07 18:18:18
407,INFO,本轮随机选中 UID=5931091136 转发：已转发（normal）：纯转发,2026-09-07 18:09:33
406,INFO,本轮随机选中 UID=4067412545 转发：已转发（normal）：纯转发,2026-09-07 18:01:36
405,INFO,本轮随机选中 UID=5102198557 转发：已转发（normal）：纯转发,2026-09-07 17:53:04
404,INFO,本轮随机选中 UID=2389901855 转发：已转发（normal）：纯转发,2026-09-07 17:45:08
403,INFO,本轮随机选中 UID=7504708803 转发：已转发（normal）：纯转发,2026-09-07 17:36:35
402,INFO,本轮随机选中 UID=1871794463 转发：已转发（normal）：纯转发,2026-09-07 17:28:40
401,INFO,本轮随机选中 UID=7533347976 转发：已转发（normal）：纯转发,2026-09-07 17:20:10
400,INFO,本轮随机选中 UID=7305759370 转发：已转发（normal）：纯转发,2026-09-07 17:12:12
399,INFO,本轮随机选中 UID=6504801191 转发：已转发（normal）：纯转发,2026-09-07 17:03:45
398,INFO,本轮随机选中 UID=6601835349 转发：已转发（normal）：纯转发,2026-09-07 16:55:42
397,INFO,本轮随机选中 UID=7457068634 转发：已转发（normal）：纯转发,2026-09-07 16:47:17
396,INFO,本轮随机选中 UID=6475305895 转发：已转发（normal）：纯转发,2026-09-07 16:42:32
395,INFO,监控刷新完成：87 在线 / 0 异常,2026-09-07 16:42:28
394,INFO,监控刷新完成：87 在线 / 0 异常,2026-09-07 16:42:14
393,INFO,监控刷新完成：86 在线 / 0 异常,2026-09-07 16:40:58
392,INFO,已添加监控 UID=3802725779 昵称=-婉Yue-目标减到99斤,2026-09-07 16:40:47
391,WARN,添加监控失败：该 UID 已在监控列表中,2026-09-07 16:40:25
390,INFO,已添加监控 UID=7815982641 昵称=Yiko湿润兔,2026-09-07 16:39:34
389,INFO,已添加监控 UID=7487087190 昵称=绮玥JUL_,2026-09-07 16:39:23
388,INFO,已添加监控 UID=5289498848 昵称=綿綿電波_EX,2026-09-07 16:39:17
387,INFO,本轮随机选中 UID=2141792331 转发：已转发（normal）：纯转发,2026-09-07 16:39:14
386,INFO,已添加监控 UID=2385462611 昵称=Sanlidistant,2026-09-07 16:39:11
385,INFO,监控刷新完成：82 在线 / 0 异常,2026-09-07 16:38:50
384,WARN,添加监控失败：该 UID 已在监控列表中,2026-09-07 16:37:26
383,INFO,已添加监控 UID=3002020805 昵称=猪突猛蛋,2026-09-07 16:36:45
382,INFO,已添加监控 UID=2672370764 昵称=酒酿促织nya,2026-09-07 16:36:39
381,INFO,已添加监控 UID=5931091136 昵称=前野太太,2026-09-07 16:36:31
380,INFO,已添加监控 UID=7990705660 昵称=花生酱拌面hs,2026-09-07 16:36:06
379,INFO,监控刷新完成：76 在线 / 0 异常,2026-09-07 16:36:02
378,INFO,已添加监控 UID=5601514368 昵称=Yuli暮暮,2026-09-07 16:35:55
377,INFO,已添加监控 UID=7763320155 昵称=山崎怜Rei,2026-09-07 16:35:45
376,WARN,添加监控失败：该 UID 已在监控列表中,2026-09-07 16:35:18
375,INFO,已添加监控 UID=3905384115 昵称=是一只熊仔吗,2026-09-07 16:34:46
374,INFO,本轮随机选中 UID=7486414531 转发：已转发（normal）：纯转发,2026-09-07 16:30:49
373,INFO,本轮随机选中 UID=5654934057 转发：已转发（normal）：纯转发,2026-09-07 16:22:49
372,INFO,本轮随机选中 UID=7533347976 转发：已转发（normal）：纯转发,2026-09-07 16:14:35
371,INFO,调度器已启动,2026-09-07 16:13:18
370,INFO,调度器已停止,2026-09-07 16:13:18
369,INFO,配置已更新：['ai_enabled'],2026-09-07 16:13:15
368,INFO,本轮随机选中 UID=5675638543 转发：已转发（ai）：今天的快乐是兔兔给的，尤其是猫猫那段绝了,2026-09-07 16:06:32
367,INFO,本轮随机选中 UID=3214584813 转发：已转发（ai）：今天的快乐是害羞给的，尤其是超话那段绝了,2026-09-07 15:50:10
366,INFO,本轮随机选中 UID=1853544207 转发：已转发（ai）：别人都在聊二次元，只有我在cos里找不到北🤣,2026-09-07 15:33:38
365,INFO,本轮随机选中 UID=5412476694 转发：已转发（ai）：看完dy我悟了，原来制裁还能这么玩，服了,2026-09-07 15:17:23
364,INFO,本轮随机选中 UID=6655450792 转发：已转发（ai）：关于看看，我只想说：笑死，根本停不下来😂,2026-09-07 15:01:06
363,INFO,本轮随机选中 UID=1982883477 转发：已转发（ai）：看完兔头我悟了，原来双侠还能这么玩，服了,2026-09-07 14:44:49
362,INFO,本轮随机选中 UID=2684770642 转发：已转发（ai）：别人都在聊睡不着，只有我在睡不着里找不到北🤣,2026-09-07 14:28:17
361,INFO,本轮随机选中 UID=1982883477 转发：已转发（ai）：哈哈哈？这波操作我给满分，扣一分怕你骄傲,2026-09-07 14:12:03
360,INFO,本轮随机选中 UID=6504801191 转发：已转发（ai）：一梦？这波操作我给满分，扣一分怕你骄傲,2026-09-07 13:55:48
359,INFO,本轮随机选中 UID=2417091607 转发：已转发（ai）：好看？这波操作我给满分，扣一分怕你骄傲,2026-09-07 13:39:34
358,INFO,本轮随机选中 UID=5586261196 转发：已转发（ai）：关于live，我只想说：笑死，根本停不下来😂,2026-09-07 13:23:20
357,INFO,本轮随机选中 UID=7486414531 转发：已转发（ai）：关于转发，我只想说：笑死，根本停不下来😂,2026-09-07 13:07:05
356,INFO,本轮随机选中 UID=3325037114 转发：已转发（ai）：看完这条动态我悟了，原来这条动态还能这么玩，服了,2026-09-07 12:50:50
355,INFO,本轮随机选中 UID=2686882291 转发：已转发（ai）：看完cos我悟了，原来动漫还能这么玩，服了,2026-09-07 12:34:36
354,INFO,本轮随机选中 UID=1510124537 转发：已转发（ai）：关于korizora，我只想说：笑死，根本停不下来😂,2026-09-07 12:18:18
353,INFO,本轮随机选中 UID=5586261196 转发：已转发（ai）：对象？这波操作我给满分，扣一分怕你骄傲,2026-09-07 12:02:05
352,INFO,本轮随机选中 UID=2417091607 转发：已转发（ai）：今天的快乐是妈妈给的，尤其是妈妈那段绝了,2026-09-07 11:45:48
351,INFO,本轮随机选中 UID=7533347976 转发：已转发（ai）：今天的快乐是一次性给的，尤其是三种那段绝了,2026-09-07 11:29:35
350,INFO,本轮随机选中 UID=1982883477 转发：已转发（ai）：别人都在聊miaomi，只有我在电脑内存里找不到北🤣,2026-09-07 11:13:18
349,INFO,本轮随机选中 UID=6475305895 转发：已转发（ai）：别人都在聊生日快乐，只有我在老婆里找不到北🤣,2026-09-07 10:57:03
348,INFO,本轮随机选中 UID=7486414531 转发：已转发（ai）：今天的快乐是转发给的，尤其是微博那段绝了,2026-09-07 10:40:50
347,INFO,本轮随机选中 UID=2360472482 转发：已转发（ai）：别人都在聊别老约，只有我在出去玩里找不到北🤣,2026-09-07 10:24:35
346,INFO,本轮随机选中 UID=6475305895 转发：已转发（ai）：看完dora我悟了，原来psdA还能这么玩，服了,2026-09-07 10:08:06
345,INFO,本轮随机选中 UID=5080828464 转发：已转发（ai）：今天的快乐是lolita给的，尤其是9vivo那段绝了,2026-09-07 09:51:52
344,INFO,本轮随机选中 UID=5174017612 转发：已转发（ai）：关于下班，我只想说：笑死，根本停不下来😂,2026-09-07 09:35:42
343,INFO,本轮随机选中 UID=2417091607 转发：已转发（ai）：看完nikke我悟了，原来二次元还能这么玩，服了,2026-09-07 09:19:31
342,INFO,本轮随机选中 UID=1894225741 转发：已转发（ai）：关于bw2026，我只想说：笑死，根本停不下来😂,2026-09-07 09:03:20
341,INFO,本轮随机选中 UID=1842707505 转发：已转发（ai）：别人都在聊cosplay，只有我在瓜希酱里找不到北🤣,2026-09-07 08:47:02
340,INFO,本轮随机选中 UID=2141792331 转发：已转发（ai）：这里？这波操作我给满分，扣一分怕你骄傲,2026-09-07 08:30:54
339,INFO,本轮随机选中 UID=5412476694 转发：已转发（ai）：今天的快乐是DirtyWorkModel给的，尤其是Azey那段绝了,2026-09-07 08:14:47
338,INFO,本轮随机选中 UID=5675638543 转发：已转发（ai）：关于社交，我只想说：笑死，根本停不下来😂,2026-09-07 07:58:39
337,INFO,本轮随机选中 UID=5102198557 转发：已转发（ai）：关于一发，我只想说：笑死，根本停不下来😂,2026-09-07 07:42:33
336,INFO,本轮随机选中 UID=7283423031 转发：已转发（ai）：关于coser，我只想说：笑死，根本停不下来😂,2026-09-07 07:26:24
335,INFO,本轮随机选中 UID=7283423031 转发：已转发（ai）：别人都在聊老婆，只有我在好美里找不到北🤣,2026-09-07 07:10:18
334,INFO,本轮随机选中 UID=5621571415 转发：已转发（ai）：看完转发我悟了，原来微博还能这么玩，服了,2026-09-07 06:54:11
333,INFO,本轮随机选中 UID=1623845792 转发：已转发（ai）：关于cosplay，我只想说：笑死，根本停不下来😂,2026-09-07 06:38:05
332,INFO,本轮随机选中 UID=5621571415 转发：已转发（ai）：关于转发，我只想说：笑死，根本停不下来😂,2026-09-07 06:22:02
331,INFO,本轮随机选中 UID=7283423031 转发：已转发（ai）：别人都在聊coser，只有我在不呆猫里找不到北🤣,2026-09-07 06:05:57
330,INFO,本轮随机选中 UID=3020082811 转发：已转发（ai）：这条动态？这波操作我给满分，扣一分怕你骄傲,2026-09-07 05:49:53
329,INFO,本轮随机选中 UID=1894225741 转发：已转发（ai）：看完7.10我悟了，原来7.12还能这么玩，服了,2026-09-07 05:33:50
328,INFO,本轮随机选中 UID=5102198557 转发：已转发（ai）：今天的快乐是朋友给的，尤其是朋友那段绝了,2026-09-07 05:17:47
327,INFO,本轮随机选中 UID=7814334771 转发：已转发（ai）：看完好美我悟了，原来好美还能这么玩，服了,2026-09-07 05:01:43
326,WARN,当前不在工作时间，跳过本轮轮询,2026-09-07 04:45:36
325,WARN,当前不在工作时间，跳过本轮轮询,2026-09-07 04:30:36
324,WARN,当前不在工作时间，跳过本轮轮询,2026-09-07 04:15:36
323,WARN,当前不在工作时间，跳过本轮轮询,2026-09-07 04:00:36
322,WARN,当前不在工作时间，跳过本轮轮询,2026-09-07 03:45:36
321,WARN,当前不在工作时间，跳过本轮轮询,2026-09-07 03:30:36
320,WARN,当前不在工作时间，跳过本轮轮询,2026-09-07 03:15:36
319,WARN,当前不在工作时间，跳过本轮轮询,2026-09-07 03:00:36
318,WARN,当前不在工作时间，跳过本轮轮询,2026-09-07 02:45:35
317,WARN,当前不在工作时间，跳过本轮轮询,2026-09-07 02:30:35
316,WARN,当前不在工作时间，跳过本轮轮询,2026-09-07 02:15:35
315,WARN,当前不在工作时间，跳过本轮轮询,2026-09-07 02:00:35
314,WARN,当前不在工作时间，跳过本轮轮询,2026-09-07 01:45:35
313,WARN,当前不在工作时间，跳过本轮轮询,2026-09-07 01:30:35
312,INFO,监控刷新完成：75 在线 / 0 异常,2026-09-07 01:29:21
311,INFO,监控刷新完成：74 在线 / 0 异常,2026-09-07 01:28:18
310,INFO,已添加监控 UID=2684770642 昵称=小饱littleky,2026-09-07 01:28:12
309,WARN,添加监控失败：该 UID 已在监控列表中,2026-09-07 01:27:31
308,INFO,已添加监控 UID=1871794463 昵称=苍帝-鸢尾,2026-09-07 01:27:08
307,INFO,已添加监控 UID=670431921 昵称=,2026-09-07 01:26:53
306,INFO,本轮随机选中 UID=1745231053 转发：已转发（ai）：这条动态？这波操作我给满分，扣一分怕你骄傲,2026-09-07 01:26:39
305,INFO,已添加监控 UID=6883200623 昵称=想不出新名字的荼荻,2026-09-07 01:26:23
304,INFO,已添加监控 UID=5352259237 昵称=是夙卿呀,2026-09-07 01:25:54
303,INFO,已添加监控 UID=2141792331 昵称=宝芝宁宁r,2026-09-07 01:25:46
302,INFO,本轮随机选中 UID=7305759370 转发：已转发（ai）：今天的快乐是可爱给的，尤其是欧皇那段绝了,2026-09-07 01:25:04
301,INFO,配置已更新：['ai_enabled'],2026-09-07 01:23:49
300,INFO,已删除自定义人格：动漫梗百科,2026-09-07 01:20:57
299,INFO,监控刷新完成：70 在线 / 0 异常,2026-09-07 01:15:36
298,WARN,当前不在工作时间，跳过本轮轮询,2026-09-07 01:15:35
297,INFO,配置已更新：['working_hours'],2026-09-07 01:14:04
296,INFO,配置已更新：['working_hours'],2026-09-07 01:13:55
295,INFO,配置已更新：['working_hours'],2026-09-07 01:13:40
294,WARN,当前不在工作时间，跳过本轮轮询,2026-09-07 01:00:34
293,WARN,当前不在工作时间，跳过本轮轮询,2026-09-07 00:45:34
292,WARN,当前不在工作时间，跳过本轮轮询,2026-09-07 00:30:34
291,WARN,当前不在工作时间，跳过本轮轮询,2026-09-07 00:15:34
290,WARN,当前不在工作时间，跳过本轮轮询,2026-09-07 00:00:34
289,WARN,当前不在工作时间，跳过本轮轮询,2026-09-06 23:45:34
288,WARN,当前不在工作时间，跳过本轮轮询,2026-09-06 23:30:34
287,WARN,当前不在工作时间，跳过本轮轮询,2026-09-06 23:15:33
286,INFO,监控刷新完成：70 在线 / 0 异常,2026-09-06 23:05:07
285,INFO,已添加监控 UID=1949646203 昵称=-Moooooa-,2026-09-06 23:03:55
284,INFO,已添加监控 UID=7399336715 昵称=桃离现实p,2026-09-06 23:03:45
283,INFO,已添加监控 UID=5651907816 昵称=喜茶苍苍子_,2026-09-06 23:03:37
282,INFO,已添加监控 UID=6850282182 昵称=九曲-jean,2026-09-06 23:03:29
281,INFO,已添加监控 UID=5839569478 昵称=修修猫ww,2026-09-06 23:03:18
280,INFO,已添加监控 UID=1745231053 昵称=-Miua-,2026-09-06 23:03:00
279,INFO,已添加监控 UID=5412476694 昵称=啊川_Azey,2026-09-06 23:02:41
278,INFO,已添加监控 UID=3214584813 昵称=害羞7,2026-09-06 23:02:25
277,WARN,添加监控失败：该 UID 已在监控列表中,2026-09-06 23:02:17
276,INFO,监控刷新完成：61 在线 / 0 异常,2026-09-06 23:02:16
275,INFO,已添加监控 UID=1982883477 昵称=原子atomzi,2026-09-06 23:01:53
274,INFO,已添加监控 UID=6504801191 昵称=隼隼子,2026-09-06 23:01:14
273,INFO,本轮随机选中 UID=5675638543 转发：已转发（normal）：纯转发,2026-09-06 23:00:33
272,INFO,已添加监控 UID=5514656753 昵称=不鱼Sena,2026-09-06 23:00:30
271,INFO,已添加监控 UID=2909346573 昵称=一初酱w一,2026-09-06 23:00:22
270,INFO,已添加监控 UID=3020082811 昵称=影子喵Ghost,2026-09-06 22:59:29
269,INFO,已添加监控 UID=5161204669 昵称=魔法猫猫王迟迟,2026-09-06 22:59:16
268,INFO,已添加监控 UID=7509296478 昵称=星黛鹿鹿i,2026-09-06 22:59:05
267,INFO,已添加监控 UID=8307595824 昵称=阿薰kaOri__,2026-09-06 22:58:40
266,INFO,监控刷新完成：53 在线 / 0 异常,2026-09-06 22:58:40
265,INFO,已添加监控 UID=5276995171 昵称=冉冉不甜v,2026-09-06 22:57:49
264,INFO,本轮随机选中 UID=7486414531 转发：已转发（normal）：纯转发,2026-09-06 22:44:33
263,INFO,本轮随机选中 UID=6682498811 转发：已转发（normal）：纯转发,2026-09-06 22:28:25
262,INFO,本轮随机选中 UID=2921473410 转发：已转发（normal）：纯转发,2026-09-06 22:12:17
261,INFO,本轮随机选中 UID=2921473410 转发：已转发（normal）：纯转发,2026-09-06 21:56:23
260,INFO,本轮随机选中 UID=7457068634 转发：已转发（normal）：纯转发,2026-09-06 21:40:28
259,INFO,本轮随机选中 UID=1853544207 转发：已转发（normal）：纯转发,2026-09-06 21:24:36
258,INFO,本轮随机选中 UID=6299489712 转发：已转发（normal）：纯转发,2026-09-06 21:08:42
257,INFO,本轮随机选中 UID=4067412545 转发：已转发（normal）：纯转发,2026-09-06 20:52:48
256,INFO,本轮随机选中 UID=2285837165 转发：已转发（normal）：纯转发,2026-09-06 20:36:55
255,INFO,本轮随机选中 UID=3226642213 转发：已转发（normal）：纯转发,2026-09-06 20:21:00
254,INFO,本轮随机选中 UID=2389901855 转发：已转发（normal）：纯转发,2026-09-06 20:05:05
253,INFO,本轮随机选中 UID=5259369874 转发：已转发（normal）：纯转发,2026-09-06 19:49:11
252,INFO,本轮随机选中 UID=7823427774 转发：已转发（normal）：纯转发,2026-09-06 19:33:18
251,INFO,本轮随机选中 UID=7486414531 转发：已转发（normal）：纯转发,2026-09-06 19:17:26
250,INFO,本轮随机选中 UID=1623845792 转发：已转发（normal）：纯转发,2026-09-06 19:01:33
249,INFO,本轮随机选中 UID=2389901855 转发：已转发（normal）：纯转发,2026-09-06 18:45:43
248,INFO,本轮随机选中 UID=7504708803 转发：已转发（normal）：纯转发,2026-09-06 18:29:50
247,INFO,本轮随机选中 UID=2313817900 转发：已转发（normal）：纯转发,2026-09-06 18:13:57
246,INFO,本轮随机选中 UID=7504708803 转发：已转发（normal）：纯转发,2026-09-06 17:58:03
245,INFO,本轮随机选中 UID=7814334771 转发：已转发（normal）：纯转发,2026-09-06 17:42:12
244,INFO,本轮随机选中 UID=7305759370 转发：已转发（normal）：纯转发,2026-09-06 17:26:21
243,INFO,本轮随机选中 UID=1853544207 转发：已转发（normal）：纯转发,2026-09-06 16:54:35
242,INFO,本轮随机选中 UID=2417091607 转发：已转发（normal）：纯转发,2026-09-06 16:38:43
241,INFO,监控刷新完成：53 在线 / 0 异常,2026-09-06 16:32:56
240,WARN,添加监控失败：该 UID 已在监控列表中,2026-09-06 16:32:03
239,INFO,已添加监控 UID=2313817900 昵称=-渊秧-,2026-09-06 16:31:55
238,INFO,已添加监控 UID=7283423031 昵称=呆猫猫--,2026-09-06 16:31:45
237,INFO,监控刷新完成：51 在线 / 0 异常,2026-09-06 16:31:42
236,INFO,已添加监控 UID=1850920525 昵称=努力的十八魔,2026-09-06 16:30:53
235,INFO,已添加监控 UID=2389901855 昵称=雪晴Astra-,2026-09-06 16:29:49
234,INFO,已添加监控 UID=2673655454 昵称=-梓貓-,2026-09-06 16:29:38
233,INFO,已添加监控 UID=5259369874 昵称=Shika小鹿鹿,2026-09-06 16:29:31
232,INFO,已添加监控 UID=1894225741 昵称=千夜未来,2026-09-06 16:29:19
231,INFO,本轮随机选中 UID=4067412545 转发：已转发（normal）：纯转发,2026-09-06 16:28:54
230,INFO,本轮随机选中 UID=5080828464 转发：已转发（normal）：纯转发,2026-09-06 16:28:01
229,INFO,监控刷新完成：46 在线 / 0 异常,2026-09-06 16:27:38
228,INFO,监控刷新完成：40 在线 / 0 异常,2026-09-06 16:26:54
227,INFO,已添加监控 UID=1842707505 昵称=瓜希酱,2026-09-06 16:26:53
226,INFO,已添加监控 UID=6474923946 昵称=三刀刀Miido,2026-09-06 16:26:45
225,INFO,已添加监控 UID=6070687626 昵称=Month-月一,2026-09-06 16:26:38
224,INFO,已添加监控 UID=3489213692 昵称=w欧皇百合子w,2026-09-06 16:26:33
223,INFO,已添加监控 UID=2417091607 昵称=白露很白,2026-09-06 16:26:27
222,INFO,已添加监控 UID=6655450792 昵称=萌芽丷,2026-09-06 16:26:20
221,INFO,已添加监控 UID=5586261196 昵称=miko酱ww,2026-09-06 16:26:15
220,INFO,本轮随机选中 UID=1853544207 转发：已转发（normal）：纯转发,2026-09-06 16:25:03
219,INFO,本轮随机选中 UID=3226642213 转发：已转发（normal）：纯转发,2026-09-06 16:22:46
218,INFO,本轮随机选中 UID=7457068634 转发：已转发（normal）：纯转发,2026-09-06 16:07:10
217,INFO,本轮随机选中 UID=5654934057 转发：已转发（normal）：纯转发,2026-09-06 15:51:32
216,INFO,本轮随机选中 UID=6475305895 转发：已转发（normal）：纯转发,2026-09-06 15:35:54
215,INFO,本轮随机选中 UID=5576135998 转发：已转发（normal）：纯转发,2026-09-06 15:20:16
214,INFO,本轮随机选中 UID=6475305895 转发：已转发（normal）：纯转发,2026-09-06 15:04:39
213,INFO,本轮随机选中 UID=7823427774 转发：已转发（normal）：纯转发,2026-09-06 14:49:01
212,INFO,本轮随机选中 UID=5576135998 转发：已转发（normal）：纯转发,2026-09-06 14:33:23
211,INFO,本轮随机选中 UID=3226642213 转发：已转发（normal）：纯转发,2026-09-06 14:17:46
210,INFO,本轮随机选中 UID=3325037114 转发：已转发（normal）：纯转发,2026-09-06 14:02:09
209,INFO,本轮随机选中 UID=7486414531 转发：已转发（normal）：纯转发,2026-09-06 13:46:31
208,INFO,监控刷新完成：39 在线 / 0 异常,2026-09-06 13:31:37
207,INFO,本轮随机选中 UID=2285837165 转发：已转发（normal）：纯转发,2026-09-06 13:30:54
206,INFO,调度器已启动,2026-09-06 13:30:17
205,INFO,本轮随机选中 UID=5428530579 转发：已转发（normal）：纯转发,2026-09-06 13:29:14
204,INFO,监控刷新完成：39 在线 / 0 异常,2026-09-06 13:14:19
203,INFO,本轮随机选中 UID=6682498811 转发：已转发（normal）：纯转发,2026-09-06 13:13:38
202,INFO,本轮随机选中 UID=2686882291 转发：已转发（normal）：纯转发,2026-09-06 13:13:36
201,INFO,调度器已启动,2026-09-06 13:12:59
200,INFO,本轮随机选中 UID=6299489712 转发：已转发（normal）：纯转发,2026-09-06 13:06:23
199,INFO,本轮随机选中 UID=1853544207 转发：已转发（normal）：纯转发,2026-09-06 13:05:50
198,INFO,本轮随机选中 UID=4067412545 转发：已转发（normal）：纯转发,2026-09-06 12:50:46
197,INFO,本轮随机选中 UID=6299489712 转发：已转发（normal）：纯转发,2026-09-06 12:50:25
196,INFO,本轮随机选中 UID=7710206006 转发：已转发（normal）：纯转发,2026-09-06 12:50:12
195,INFO,调度器已启动,2026-09-06 12:50:09
194,INFO,调度器已停止,2026-09-06 12:50:08
193,INFO,监控刷新完成：39 在线 / 0 异常,2026-09-06 12:49:28
192,INFO,调度器已启动,2026-09-06 12:49:25
191,INFO,已添加监控 UID=5080828464 昵称=洛城雪Yuki,2026-09-06 12:48:49
190,INFO,已添加监控 UID=2686882291 昵称=菲漓璃,2026-09-06 12:48:42
189,WARN,添加监控失败：该 UID 已在监控列表中,2026-09-06 12:48:30
188,INFO,已添加监控 UID=6601835349 昵称=萌萌子_Moeko,2026-09-06 12:48:23
187,INFO,已添加监控 UID=5675638543 昵称=香草奶喵,2026-09-06 12:48:11
186,INFO,已添加监控 UID=2921473410 昵称=雷鬼Soul,2026-09-06 12:48:03
185,WARN,添加监控失败：该 UID 已在监控列表中,2026-09-06 12:47:39
184,INFO,监控刷新完成：34 在线 / 0 异常,2026-09-06 12:47:35
183,INFO,监控刷新完成：34 在线 / 0 异常,2026-09-06 12:44:50
182,INFO,已添加监控 UID=6475305895 昵称=二佐-Nisa,2026-09-06 12:44:14
181,INFO,已添加监控 UID=1726628765 昵称=懵懵白日梦,2026-09-06 12:44:03
180,INFO,已添加监控 UID=4067412545 昵称=九九归一Jiu,2026-09-06 12:43:52
179,INFO,已添加监控 UID=5102198557 昵称=Fukurou_梟,2026-09-06 12:43:45
178,INFO,已添加监控 UID=5654934057 昵称=三度_69,2026-09-06 12:43:36
177,INFO,已添加监控 UID=7710206006 昵称=栗奈_,2026-09-06 12:43:28
176,INFO,已添加监控 UID=7463997436 昵称=星澜想来杯珍珠奶茶,2026-09-06 12:43:19
175,INFO,本轮随机选中 UID=7823427774 转发：已转发（normal）：纯转发,2026-09-06 12:36:24
174,INFO,监控刷新完成：27 在线 / 0 异常,2026-09-06 12:35:56
173,INFO,已添加监控 UID=2360472482 昵称=牛奶宝宝milkbaby,2026-09-06 12:35:16
172,INFO,已添加监控 UID=6682498811 昵称=琪七7ki,2026-09-06 12:35:10
171,INFO,已添加监控 UID=5229580464 昵称=小端鱼子酱ovo,2026-09-06 12:35:03
170,INFO,已添加监控 UID=5767274315 昵称=小奶糕Milky,2026-09-06 12:34:58
169,INFO,监控刷新完成：23 在线 / 0 异常,2026-09-06 12:34:40
168,INFO,已添加监控 UID=7305759370 昵称=肉扣热热子,2026-09-06 12:34:12
167,INFO,已添加监控 UID=7823427774 昵称=氢氧化钡-,2026-09-06 12:32:17
166,INFO,已添加监控 UID=5428530579 昵称=绿茄茄茄子,2026-09-06 12:32:09
165,INFO,已添加监控 UID=1510124537 昵称=溯兮-sukki,2026-09-06 12:31:29
164,INFO,监控刷新完成：19 在线 / 0 异常,2026-09-06 12:31:05
163,INFO,监控刷新完成：19 在线 / 0 异常,2026-09-06 12:29:22
162,INFO,监控刷新完成：19 在线 / 0 异常,2026-09-06 12:28:34
161,INFO,已添加监控 UID=1623845792 昵称=Kuta柯特,2026-09-06 12:27:51
160,INFO,已添加监控 UID=7753670397 昵称=Uiniki黎落落__,2026-09-06 12:27:40
159,WARN,添加监控失败：该 UID 已在监控列表中,2026-09-06 12:27:32
158,INFO,已添加监控 UID=7457068634 昵称=Tina很妖孽呀,2026-09-06 12:27:03
157,INFO,已添加监控 UID=6294551074 昵称=神沢永莉,2026-09-06 12:26:50
156,INFO,监控刷新完成：15 在线 / 0 异常,2026-09-06 12:26:25
155,INFO,已添加监控 UID=1853544207 昵称=六二二同学,2026-09-06 12:26:08
154,INFO,已添加监控 UID=622622456 昵称=,2026-09-06 12:25:47
153,INFO,已添加监控 UID=5576135998 昵称=幼愛Yume,2026-09-06 12:25:21
152,INFO,已添加监控 UID=6299489712 昵称=丸丸幽,2026-09-06 12:25:04
151,INFO,监控刷新完成：12 在线 / 1 异常,2026-09-06 12:24:37
150,INFO,已添加监控 UID=5513509073 昵称=阮邑Fairy,2026-09-06 12:24:18
149,INFO,已添加监控 UID=622622456 昵称=,2026-09-06 12:24:09
148,INFO,监控刷新完成：11 在线 / 0 异常,2026-09-06 12:23:43
147,INFO,已添加监控 UID=3226642213 昵称=兔子兔子兔w,2026-09-06 12:23:29
146,INFO,本轮随机选中 UID=3325037114 转发：已转发（normal）：纯转发,2026-09-06 12:20:50
145,INFO,本轮随机选中 UID=5764605043 转发：已转发（normal）：纯转发,2026-09-06 12:05:40
144,INFO,本轮随机选中 UID=7814334771 转发：已转发（normal）：纯转发,2026-09-06 11:50:31
143,INFO,本轮随机选中 UID=7533347976 转发：已转发（normal）：纯转发,2026-09-06 11:35:21
142,INFO,本轮随机选中 UID=1683529827 转发：已转发（normal）：纯转发,2026-09-06 11:20:11
141,INFO,本轮随机选中 UID=7504708803 转发：已转发（normal）：纯转发,2026-09-06 11:05:01
140,INFO,本轮随机选中 UID=5174017612 转发：已转发（normal）：纯转发,2026-09-06 10:49:52
139,INFO,本轮随机选中 UID=7486414531 转发：已转发（normal）：纯转发,2026-09-06 10:34:42
138,INFO,本轮随机选中 UID=7486414531 转发：已转发（normal）：纯转发,2026-09-06 10:19:32
137,INFO,本轮随机选中 UID=5621571415 转发：已转发（normal）：纯转发,2026-09-06 10:04:23
136,INFO,本轮随机选中 UID=5621571415 转发：已转发（normal）：纯转发,2026-09-06 09:49:12
135,INFO,本轮随机选中 UID=7533347976 转发：已转发（normal）：纯转发,2026-09-06 09:34:03
134,INFO,本轮随机选中 UID=5174017612 转发：已转发（normal）：纯转发,2026-09-06 09:18:54
133,INFO,本轮随机选中 UID=7814334771 转发：已转发（normal）：纯转发,2026-09-06 09:03:45
132,INFO,本轮随机选中 UID=7486414531 转发：已转发（normal）：纯转发,2026-09-06 08:48:35
131,INFO,本轮随机选中 UID=5621571415 转发：已转发（normal）：纯转发,2026-09-06 08:33:26
130,INFO,本轮随机选中 UID=7814334771 转发：已转发（normal）：纯转发,2026-09-06 08:18:17
129,INFO,本轮随机选中 UID=7486414531 转发：已转发（normal）：纯转发,2026-09-06 08:03:08
128,INFO,本轮随机选中 UID=5174017612 转发：已转发（normal）：纯转发,2026-09-06 07:47:58
127,INFO,本轮随机选中 UID=2285837165 转发：已转发（normal）：纯转发,2026-09-06 07:32:49
126,INFO,本轮随机选中 UID=7814334771 转发：已转发（normal）：纯转发,2026-09-06 07:17:41
125,INFO,本轮随机选中 UID=2285837165 转发：已转发（normal）：纯转发,2026-09-06 07:02:32
124,INFO,本轮随机选中 UID=7486414531 转发：已转发（normal）：纯转发,2026-09-06 06:47:23
123,INFO,本轮随机选中 UID=7533347976 转发：已转发（normal）：纯转发,2026-09-06 06:32:15
122,INFO,本轮随机选中 UID=3325037114 转发：已转发（normal）：纯转发,2026-09-06 06:17:07
121,INFO,本轮随机选中 UID=7533347976 转发：已转发（normal）：纯转发,2026-09-06 06:01:58
120,INFO,本轮随机选中 UID=2285837165 转发：已转发（normal）：纯转发,2026-09-06 05:46:49
119,INFO,本轮随机选中 UID=5621571415 转发：已转发（normal）：纯转发,2026-09-06 05:31:41
118,INFO,本轮随机选中 UID=2285837165 转发：已转发（normal）：纯转发,2026-09-06 05:16:32
117,INFO,本轮随机选中 UID=5621571415 转发：已转发（normal）：纯转发,2026-09-06 05:01:24
116,INFO,本轮随机选中 UID=1683529827 转发：已转发（normal）：纯转发,2026-09-06 04:46:15
115,INFO,本轮随机选中 UID=1683529827 转发：已转发（normal）：纯转发,2026-09-06 04:31:06
114,INFO,本轮随机选中 UID=5174017612 转发：已转发（normal）：纯转发,2026-09-06 04:15:57
113,INFO,本轮随机选中 UID=7486414531 转发：已转发（normal）：纯转发,2026-09-06 04:00:48
112,WARN,当前不在工作时间，跳过本轮轮询,2026-09-06 03:45:39
111,WARN,当前不在工作时间，跳过本轮轮询,2026-09-06 03:30:39
110,WARN,当前不在工作时间，跳过本轮轮询,2026-09-06 03:15:38
109,WARN,当前不在工作时间，跳过本轮轮询,2026-09-06 03:00:38
108,WARN,当前不在工作时间，跳过本轮轮询,2026-09-06 02:45:38
107,WARN,当前不在工作时间，跳过本轮轮询,2026-09-06 02:30:38
106,WARN,当前不在工作时间，跳过本轮轮询,2026-09-06 02:15:38
105,WARN,当前不在工作时间，跳过本轮轮询,2026-09-06 02:00:38
104,WARN,当前不在工作时间，跳过本轮轮询,2026-09-06 01:45:38
103,WARN,当前不在工作时间，跳过本轮轮询,2026-09-06 01:30:38
102,WARN,当前不在工作时间，跳过本轮轮询,2026-09-06 01:15:37
101,WARN,当前不在工作时间，跳过本轮轮询,2026-09-06 01:00:37
100,WARN,当前不在工作时间，跳过本轮轮询,2026-09-06 00:45:37
99,INFO,监控刷新完成：10 在线 / 0 异常,2026-09-06 00:32:42
98,INFO,配置已更新：['interval_minutes'],2026-09-06 00:31:04
97,INFO,调度器已启动,2026-09-06 00:30:37
96,WARN,当前不在工作时间，跳过本轮轮询,2026-09-06 00:30:37
95,WARN,当前不在工作时间，跳过本轮轮询,2026-09-06 00:25:40
94,WARN,当前不在工作时间，跳过本轮轮询,2026-09-06 00:10:40
93,WARN,当前不在工作时间，跳过本轮轮询,2026-09-05 23:55:40
92,WARN,当前不在工作时间，跳过本轮轮询,2026-09-05 23:40:40
91,INFO,监控刷新完成：10 在线 / 0 异常,2026-09-05 23:29:27
90,INFO,已添加监控 UID=7814334771 昵称=cheese_egg0v0,2026-09-05 23:29:14
89,WARN,添加监控失败：该 UID 已在监控列表中,2026-09-05 23:28:55
88,INFO,已添加监控 UID=7504708803 昵称=小凛喵儿,2026-09-05 23:28:04
87,INFO,监控刷新完成：8 在线 / 0 异常,2026-09-05 23:27:28
86,INFO,已添加监控 UID=2285837165 昵称=Natsuko_夏夏子,2026-09-05 23:27:15
85,INFO,监控刷新完成：7 在线 / 0 异常,2026-09-05 23:27:13
84,WARN,当前不在工作时间，跳过本轮轮询,2026-09-05 23:25:39
83,WARN,当前不在工作时间，跳过本轮轮询,2026-09-05 23:10:39
82,INFO,本轮随机选中 UID=5174017612 转发：已转发（normal）：纯转发,2026-09-05 22:55:39
81,INFO,本轮随机选中 UID=3325037114 转发：已转发（normal）：纯转发,2026-09-05 22:40:31
80,INFO,本轮随机选中 UID=1683529827 转发：已转发（normal）：纯转发,2026-09-05 22:25:24
79,INFO,本轮随机选中 UID=1683529827 转发：已转发（normal）：纯转发,2026-09-05 22:10:17
78,INFO,本轮随机选中 UID=5764605043 转发：已转发（normal）：纯转发,2026-09-05 21:55:10
77,INFO,本轮随机选中 UID=1683529827 转发：已转发（normal）：纯转发,2026-09-05 21:40:03
76,INFO,本轮随机选中 UID=7486414531 转发：已转发（normal）：纯转发,2026-09-05 21:24:56
75,INFO,本轮随机选中 UID=7533347976 转发：已转发（normal）：纯转发,2026-09-05 21:09:45
74,INFO,本轮随机选中 UID=5764605043 转发：已转发（normal）：纯转发,2026-09-05 20:54:38
73,INFO,本轮随机选中 UID=3325037114 转发：已转发（normal）：纯转发,2026-09-05 20:39:30
72,INFO,本轮随机选中 UID=5174017612 转发：已转发（normal）：纯转发,2026-09-05 20:24:23
71,INFO,本轮随机选中 UID=7486414531 转发：已转发（normal）：纯转发,2026-09-05 20:09:16
70,INFO,本轮随机选中 UID=5764605043 转发：已转发（normal）：纯转发,2026-09-05 19:54:08
69,INFO,本轮随机选中 UID=7533347976 转发：已转发（normal）：纯转发,2026-09-05 19:39:01
68,INFO,本轮随机选中 UID=5764605043 转发：已转发（normal）：纯转发,2026-09-05 19:23:54
67,INFO,本轮随机选中 UID=3325037114 转发：已转发（normal）：纯转发,2026-09-05 19:08:47
66,INFO,本轮随机选中 UID=1683529827 转发：已转发（normal）：纯转发,2026-09-05 18:53:40
65,INFO,本轮随机选中 UID=1683529827 转发：已转发（normal）：纯转发,2026-09-05 18:38:33
64,INFO,本轮随机选中 UID=7533347976 转发：已转发（normal）：纯转发,2026-09-05 18:23:26
63,INFO,本轮随机选中 UID=7486414531 转发：已转发（normal）：纯转发,2026-09-05 18:08:19
62,INFO,本轮随机选中 UID=7486414531 转发：已转发（normal）：纯转发,2026-09-05 17:53:11
61,INFO,本轮随机选中 UID=5764605043 转发：已转发（normal）：纯转发,2026-09-05 17:38:03
60,INFO,本轮随机选中 UID=5174017612 转发：已转发（normal）：纯转发,2026-09-05 17:22:57
59,INFO,本轮随机选中 UID=7533347976 转发：已转发（normal）：纯转发,2026-09-05 17:07:50
58,INFO,本轮随机选中 UID=5764605043 转发：已转发（normal）：纯转发,2026-09-05 16:52:43
57,INFO,本轮随机选中 UID=7486414531 转发：已转发（normal）：纯转发,2026-09-05 16:37:35
56,INFO,本轮随机选中 UID=3325037114 转发：已转发（normal）：纯转发,2026-09-05 16:22:29
55,INFO,本轮随机选中 UID=3325037114 转发：已转发（normal）：纯转发,2026-09-05 16:07:22
54,INFO,本轮随机选中 UID=7533347976 转发：已转发（normal）：纯转发,2026-09-05 15:52:14
53,INFO,本轮随机选中 UID=5174017612 转发：已转发（normal）：纯转发,2026-09-05 15:37:08
52,INFO,本轮随机选中 UID=5621571415 转发：已转发（normal）：纯转发,2026-09-05 15:22:01
51,INFO,本轮随机选中 UID=1683529827 转发：已转发（normal）：纯转发,2026-09-05 15:06:54
50,INFO,本轮随机选中 UID=7486414531 转发：已转发（normal）：纯转发,2026-09-05 14:51:47
49,INFO,本轮随机选中 UID=5764605043 转发：已转发（normal）：纯转发,2026-09-05 14:36:40
48,INFO,本轮随机选中 UID=7533347976 转发：已转发（normal）：纯转发,2026-09-05 14:21:33
47,INFO,本轮随机选中 UID=1683529827 转发：已转发（normal）：纯转发,2026-09-05 14:06:26
46,INFO,本轮随机选中 UID=5764605043 转发：已转发（normal）：纯转发,2026-09-05 13:51:19
45,INFO,本轮随机选中 UID=5764605043 转发：已转发（normal）：纯转发,2026-09-05 13:36:12
44,INFO,配置已更新：['ai_enabled'],2026-09-05 13:18:08
43,INFO,手动立即转发成功：UID=5174017612 persona=幽默,2026-09-05 13:18:04
42,INFO,配置已更新：['interval_minutes'],2026-09-05 13:18:02
41,INFO,配置已更新：['interval_minutes'],2026-09-05 13:18:01
40,INFO,配置已更新：['ai_enabled'],2026-09-05 13:17:51
39,INFO,本轮随机选中 UID=5621571415 转发：已转发（ai）：12？这波操作我给满分，扣一分怕你骄傲,2026-09-05 13:06:05
38,INFO,本轮随机选中 UID=3325037114 转发：已转发（ai）：看完这里我悟了，原来这里还能这么玩，服了,2026-09-05 12:35:57
37,INFO,本轮随机选中 UID=3325037114 转发：已转发（ai）：关于Cizen，我只想说：笑死，根本停不下来😂,2026-09-05 12:05:50
36,INFO,本轮随机选中 UID=5621571415 转发：已转发（ai）：看完12我悟了，原来重庆还能这么玩，服了,2026-09-05 11:35:43
35,INFO,本轮随机选中 UID=3325037114 转发：已转发（ai）：兔女郎？这波操作我给满分，扣一分怕你骄傲,2026-09-05 11:05:35
34,INFO,本轮随机选中 UID=1683529827 转发：已转发（ai）：今天的快乐是转发给的，尤其是微博那段绝了,2026-09-05 10:37:33
33,INFO,本轮随机选中 UID=5764605043 转发：已转发（ai）：今天的快乐是七周年给的，尤其是最后那段绝了,2026-09-05 10:35:28
32,INFO,本轮随机选中 UID=5621571415 转发：已转发（ai）：关于转发，我只想说：笑死，根本停不下来😂,2026-09-05 10:05:21
31,INFO,本轮随机选中 UID=5621571415 转发：已转发（ai）：cosplay？这波操作我给满分，扣一分怕你骄傲,2026-09-05 09:35:14
30,INFO,本轮随机选中 UID=5764605043 转发：已转发（ai）：月底？这波操作我给满分，扣一分怕你骄傲,2026-09-05 09:05:07
29,INFO,本轮随机选中 UID=1683529827 转发：已转发（ai）：别人都在聊转发，只有我在微博里找不到北🤣,2026-09-05 08:35:00
28,INFO,本轮随机选中 UID=3325037114 转发：已转发（ai）：关于兔女郎，我只想说：笑死，根本停不下来😂,2026-09-05 08:04:53
27,INFO,本轮随机选中 UID=7533347976 转发：已转发（ai）：今天的快乐是怎么办给的，尤其是微店那段绝了,2026-09-05 07:34:47
26,INFO,本轮随机选中 UID=5764605043 转发：已转发（ai）：看完一样我悟了，原来的话还能这么玩，服了,2026-09-05 07:04:41
25,INFO,本轮随机选中 UID=7533347976 转发：已转发（ai）：哇塞？这波操作我给满分，扣一分怕你骄傲,2026-09-05 06:34:34
24,INFO,本轮随机选中 UID=5764605043 转发：已转发（ai）：别人都在聊分享，只有我在图片里找不到北🤣,2026-09-05 06:04:28
23,INFO,本轮随机选中 UID=3325037114 转发：已转发（ai）：关于Sa74，我只想说：笑死，根本停不下来😂,2026-09-05 05:34:22
22,INFO,本轮随机选中 UID=7533347976 转发：已转发（ai）：关于哇塞，我只想说：笑死，根本停不下来😂,2026-09-05 05:04:15
21,INFO,本轮随机选中 UID=3325037114 转发：已转发（ai）：别人都在聊结膜炎，只有我在异物感里找不到北🤣,2026-09-05 04:34:09
20,INFO,配置已更新：['working_hours'],2026-09-05 04:09:56
19,INFO,监控刷新完成：7 在线 / 0 异常,2026-09-05 04:05:59
18,INFO,已添加监控 UID=5174017612 昵称=蠢沫沫-,2026-09-05 04:05:46
17,INFO,已添加监控 UID=3325037114 昵称=炭烤莉莉黑,2026-09-05 04:05:20
16,INFO,配置已更新：['monitor_auto_refresh'],2026-09-05 04:04:50
15,INFO,已添加监控 UID=7486414531 昵称=面饼丫面饼,2026-09-05 04:04:43
14,INFO,配置已更新：['monitor_auto_refresh'],2026-09-05 04:04:42
13,INFO,本轮随机选中 UID=5621571415 转发：已转发（ai）：今天的快乐是cosplay给的，尤其是二次元那段绝了,2026-09-05 04:04:07
12,INFO,本轮随机选中 UID=7533347976 转发：已转发（ai）：关于一次性，我只想说：笑死，根本停不下来😂,2026-09-05 04:04:02
11,INFO,调度器已启动,2026-09-05 04:03:57
10,INFO,授权已激活：6个月（到期 None）,2026-09-05 04:03:50
9,INFO,配置已更新：['persona'],2026-09-05 04:03:17
8,INFO,配置已更新：['ai_enabled'],2026-09-05 04:03:15
7,INFO,监控刷新完成：4 在线 / 0 异常,2026-09-05 04:03:08
6,INFO,已添加监控 UID=5621571415 昵称=宸淼淼cc,2026-09-05 04:03:01
5,INFO,已添加监控 UID=7533347976 昵称=一筐小桔子_NNal,2026-09-05 04:02:00
4,INFO,已添加监控 UID=1683529827 昵称=紫舞龙McC,2026-09-05 04:01:48
3,INFO,已添加监控 UID=5764605043 昵称=过期米线线喵,2026-09-05 04:01:34
2,INFO,账户检测 13cc88e9a412：ok - 登录正常，已具备转发能力,2026-09-05 04:01:11
1,INFO,已添加账户：肆月Aperture,2026-09-05 04:01:09
